 section 1,Staff Breakdown 
,What is the current total number of warehouses floor operatives? 
,What is the current total number of back office warehouse administration staff? 
,try and think of a question
,
section 2 ,Basic Qualification Questions 
introduction,test test test tes
,"What is the principal activity of business for example Third Party Logistics, Distributor, etc? "
,"Main Product Type manage,  Food, Chemicals, Hardware? "
,whats kind of sheep is part 2
,
section 3 more questions,
,blah
subhead,this is a subhead
,blah blah
,blah blah blah
subhead,this is another subhead
,blah blah blah blah
